# OpenTelemetry Metrics report: .csv, 4 fields: 
# <metric name>, <period start, nanoseconds>, <period end, nanoseconds>, <metric value>
# See CsvMetricsExporter for details.
# 
# NAME, PERIOD_START_NANOS, PERIOD_END_NANOS, VALUE
workspaceModel.workspaceFileIndexData.visitFileSets.ms,1785878144870000000,1785878204883000000,1
workspaceModel.cachedValueWithParameters.clear.count,1785878144870000000,1785878204883000000,0
workspaceModel.workspaceFileIndexData.markDirty.ms,1785878144870000000,1785878204883000000,0
workspaceModel.init.bridges.ms,1785878144870000000,1785878204883000000,6
workspaceModel.pre.handlers.ms,1785878144870000000,1785878204883000000,1
workspaceModel.workspaceFileIndexData.onEntitiesChanged.ms,1785878144870000000,1785878204883000000,5
workspaceModel.workspaceFileIndexData.instances.count,1785878144870000000,1785878204883000000,2
workspaceModel.loading.from.cache.ms,1785878144870000000,1785878204883000000,73
workspaceModel.updates.count,1785878144870000000,1785878204883000000,10
workspaceModel.cachedValue.calculated.count,1785878144870000000,1785878204883000000,35
workspaceModel.cachedValue.clear.count,1785878144870000000,1785878204883000000,2
workspaceModel.check.recursive.update.ms,1785878144870000000,1785878204883000000,0
workspaceModel.on.changed.ms,1785878144870000000,1785878204883000000,38
workspaceModel.non.incremental.contributors.total.update.time.ms,1785878144870000000,1785878204883000000,53
workspaceModel.non.incremental.contributors.exclude.roots.computation.time.ms,1785878144870000000,1785878204883000000,2
workspaceModel.workspaceFileIndexData.getFileInfo.ms,1785878144870000000,1785878204883000000,364
workspaceModel.collect.changes.ms,1785878144870000000,1785878204883000000,0
workspaceModel.cachedValueWithParameters.total.get.count,1785878144870000000,1785878204883000000,0
workspaceModel.workspaceFileIndexData.getPackageName.ms,1785878144870000000,1785878204883000000,3
workspaceModel.updates.precise.ms,1785878144870000000,1785878204883000000,13
workspaceModel.cachedValue.from.cache.count,1785878144870000000,1785878204883000000,121
workspaceModel.to.snapshot.ms,1785878144870000000,1785878204883000000,1
workspaceModel.loading.total.ms,1785878144870000000,1785878204883000000,77
workspaceModel.non.incremental.contributors.file.sets.computation.time.ms,1785878144870000000,1785878204883000000,49
workspaceModel.update.unloaded.entities.ms,1785878144870000000,1785878204883000000,0
workspaceModel.cachedValueWithParameters.calculated.count,1785878144870000000,1785878204883000000,0
workspaceModel.workspaceFileIndexContributor.registerFileSets.ms,1785878144870000000,1785878204883000000,12
workspaceModel.entityStorageSnapshotImpl.instances.count,1785878144870000000,1785878204883000000,51
workspaceModel.workspaceFileIndexData.updateDirtyEntities.ms,1785878144870000000,1785878204883000000,0
workspaceModel.workspaceFileIndexData.init.ms,1785878144870000000,1785878204883000000,6
workspaceModel.on.before.changed.ms,1785878144870000000,1785878204883000000,37
workspaceModel.cachedValue.total.get.count,1785878144870000000,1785878204883000000,156
workspaceModel.workspaceFileIndexData.getDirectoriesByPackageName.ms,1785878144870000000,1785878204883000000,12
workspaceModel.workspaceFileIndexData.processFileSets.ms,1785878144870000000,1785878204883000000,0
workspaceModel.replace.project.model.ms,1785878144870000000,1785878204883000000,2
workspaceModel.initializing.ms,1785878144870000000,1785878204883000000,6
workspaceModel.full.replace.project.model.ms,1785878144870000000,1785878204883000000,7
workspaceModel.cachedValueWithParameters.from.cache.count,1785878144870000000,1785878204883000000,0
workspaceModel.updates.ms,1785878144870000000,1785878204883000000,97
FlushQueue.waitingTimeMaxNs,1785878144870000000,1785878204883000000,0
NonBlockingReadAction.finalizedExecutionTimeUs,1785878144870000000,1785878204883000000,246216
NonBlockingReadAction.failedExecutionsCount,1785878144870000000,1785878204883000000,1
WriteAction.executionsCount,1785878144870000000,1785878204883000000,39
FlushQueue.queueSizeAvg,1785878144870000000,1785878204883000000,0.0
FlushQueue.queueSizeMax,1785878144870000000,1785878204883000000,0
FlushQueue.tasksExecuted,1785878144870000000,1785878204883000000,0
FlushQueue.executionTimeMaxNs,1785878144870000000,1785878204883000000,0
AWTEventQueue.eventsDispatched,1785878144870000000,1785878204883000000,6
NonBlockingReadAction.finalizedExecutionsCount,1785878144870000000,1785878204883000000,611
FlushQueue.queueSize90P,1785878144870000000,1785878204883000000,0
FlushQueue.executionTimeAvgNs,1785878144870000000,1785878204883000000,0.0
AWTEventQueue.dispatchTimeAvgNs,1785878144870000000,1785878204883000000,92365.33333333333
FlushQueue.executionTime90PNs,1785878144870000000,1785878204883000000,0
FlushQueue.waitingTime90PNs,1785878144870000000,1785878204883000000,0
AWTEventQueue.dispatchTime90PNs,1785878144870000000,1785878204883000000,366591
FlushQueue.waitingTimeAvgNs,1785878144870000000,1785878204883000000,0.0
NonBlockingReadAction.failedExecutionTimeUs,1785878144870000000,1785878204883000000,2163
ReadAction.executionsCount,1785878144870000000,1785878204883000000,168795
AWTEventQueue.dispatchTimeMaxNs,1785878144870000000,1785878204883000000,366591
AWTEventQueue.dispatchTimeTotalNS,1785878144870000000,1785878204883000000,6829454400
parser.RELAX-NG.size.bytes,1785878144870000000,1785878204883000000,38538
lexer.SVG.size.bytes,1785878144870000000,1785878204883000000,4509
parser.FTree.time.ns,1785878144870000000,1785878204883000000,39186719
lexer.RELAX-NG.time.ns,1785878144870000000,1785878204883000000,11015542
lexer.RELAX-NG.size.bytes,1785878144870000000,1785878204883000000,38538
writeAction.wait.ms,1785878144870000000,1785878204883000000,48
parser.SVG.time.ns,1785878144870000000,1785878204883000000,4456983
LowMemory.gcLoad,1785878144870000000,1785878204883000000,0.0
lexer.FTree.time.ns,1785878144870000000,1785878204883000000,3556278
parser.CSS.time.ns,1785878144870000000,1785878204883000000,67459492
DiskQueryRelay.taskExecutionTotalTimeUs,1785878144870000000,1785878204883000000,2357936
DiskQueryRelay.taskWaitingTotalTimeUs,1785878144870000000,1785878204883000000,4415004
parser.IgnoreLang.size.bytes,1785878144870000000,1785878204883000000,0
writeAction.median.wait.ms,1785878144870000000,1785878204883000000,0
lexer.IgnoreLang.time.ns,1785878144870000000,1785878204883000000,32080
lexer.IgnoreLang.size.bytes,1785878144870000000,1785878204883000000,0
writeAction.max.wait.ms,1785878144870000000,1785878204883000000,27
parser.IgnoreLang.time.ns,1785878144870000000,1785878204883000000,1399042
LowMemory.gcOverloaded,1785878144870000000,1785878204883000000,0
parser.SVG.size.bytes,1785878144870000000,1785878204883000000,4509
parser.FTree.size.bytes,1785878144870000000,1785878204883000000,232
lexer.SVG.time.ns,1785878144870000000,1785878204883000000,953046
writeAction.count,1785878144870000000,1785878204883000000,39
lexer.CSS.size.bytes,1785878144870000000,1785878204883000000,141903
DiskQueryRelay.tasksExecuted,1785878144870000000,1785878204883000000,58795
lexer.CSS.time.ns,1785878144870000000,1785878204883000000,44076863
parser.CSS.size.bytes,1785878144870000000,1785878204883000000,141903
parser.RELAX-NG.time.ns,1785878144870000000,1785878204883000000,19153558
lexer.FTree.size.bytes,1785878144870000000,1785878204883000000,232
DiskQueryRelay.tasksRequested,1785878144870000000,1785878204883000000,58796
cacheStateStorage.get.duration,1785878144870000000,1785878204883000000,124
cacheStateStorage.get.counter,1785878144870000000,1785878204883000000,44
cacheStateStorage.set.counter,1785878144870000000,1785878204883000000,9
cacheStateStorage.set.duration,1785878144870000000,1785878204883000000,18
jps.apply.loaded.storage.ms,1785878144870000000,1785878204883000000,10093
workspaceModel.moduleBridge.facet.initialization.ms,1785878144870000000,1785878204883000000,0
workspaceModel.global.updates.count,1785878144870000000,1785878204883000000,1
workspaceModel.moduleManagerBridge.get.modules.ms,1785878144870000000,1785878204883000000,1
workspaceModel.mutableEntityStorage.remove.entity.ms,1785878144870000000,1785878204883000000,0
jps.modifiable.module.model.bridge.renaming.ms,1785878144870000000,1785878204883000000,0
jps.load.initial.state.ms,1785878144870000000,1785878204883000000,10
jps.app.storage.content.writer.save.component.ms,1785878144870000000,1785878204883000000,1
workspaceModel.delayed.project.synchronizer.sync.ms,1785878144870000000,1785878204883000000,10109
jps.artifact.entities.serializer.save.entities.ms,1785878144870000000,1785878204883000000,0
workspaceModel.sync.entities.ms,1785878144870000000,1785878204883000000,0
jps.module.iml.entities.serializer.load.entities.ms,1785878144870000000,1785878204883000000,0
workspaceModel.moduleManagerBridge.new.nonPersistent.module.ms,1785878144870000000,1785878204883000000,0
jps.reload.project.entities.ms,1785878144870000000,1785878204883000000,0
workspaceModel.do.save.caches.ms,1785878144870000000,1785878204883000000,37
workspaceModel.mutableEntityStorage.resolve.ms,1785878144870000000,1785878204883000000,0
workspaceModel.mutableEntityStorage.apply.changes.from.ms,1785878144870000000,1785878204883000000,4
workspaceModel.moduleBridgeLoader.loading.modules.ms,1785878144870000000,1785878204883000000,321
jps.facet.change.listener.process.change.events.ms,1785878144870000000,1785878204883000000,2
jps.load.project.to.empty.storage.ms,1785878144870000000,1785878204883000000,20
workspaceModel.save.cache.to.file.ms,1785878144870000000,1785878204883000000,35
workspaceModel.mutableEntityStorage.put.entity.ms,1785878144870000000,1785878204883000000,5
jps.library.entities.serializer.save.entities.ms,1785878144870000000,1785878204883000000,0
workspaceModel.global.apply.state.to.project.ms,1785878144870000000,1785878204883000000,36
jps.save.global.entities.ms,1785878144870000000,1785878204883000000,2
jps.artifact.entities.serializer.load.entities.ms,1785878144870000000,1785878204883000000,0
jps.global.handle.before.change.events.ms,1785878144870000000,1785878204883000000,0
workspaceModel.mutableEntityStorage.changeLog.addReplaceEventForRemovedParent.ms,1785878144870000000,1785878204883000000,0
jps.storage.jps.conf.reader.load.component.ms,1785878144870000000,1785878204883000000,1
workspaceModel.moduleManagerBridge.set.unloadedModules.ms,1785878144870000000,1785878204883000000,0
workspaceModel.global.apply.state.to.project.builder.ms,1785878144870000000,1785878204883000000,0
jps.modifiable.module.model.bridge.load.module.ms,1785878144870000000,1785878204883000000,0
workspaceModel.mutableEntityStorage.entities.ms,1785878144870000000,1785878204883000000,0
workspaceModel.mutableEntityStorage.referrers.ms,1785878144870000000,1785878204883000000,0
workspaceModel.orphan.listener.update.ms,1785878144870000000,1785878204883000000,2
workspaceModel.global.updates.ms,1785878144870000000,1785878204883000000,11
jps.modifiable.module.model.bridge.disposing.ms,1785878144870000000,1785878204883000000,0
workspaceModel.moduleManagerBridge.load.all.modules.ms,1785878144870000000,1785878204883000000,20
workspaceModel.mutableEntityStorage.changeLog.addReplaceEventForNewChild.ms,1785878144870000000,1785878204883000000,1
jps.global.initialize.library.bridges.ms,1785878144870000000,1785878204883000000,0
workspaceModel.mutableEntityStorage.has.same.entities.ms,1785878144870000000,1785878204883000000,0
workspaceModel.moduleManagerBridge.load.module.ms,1785878144870000000,1785878204883000000,0
jps.save.changed.project.entities.ms,1785878144870000000,1785878204883000000,19
jps.global.get.library.by.name.ms,1785878144870000000,1785878204883000000,0
jps.project.serializers.save.ms,1785878144870000000,1785878204883000000,19
workspaceModel.mutableEntityStorage.changeLog.addReplaceEventForNewParent.ms,1785878144870000000,1785878204883000000,1
jps.global.initialize.library.bridges.after.loading.ms,1785878144870000000,1785878204883000000,1
workspaceModel.moduleManagerBridge.create.module.instance.ms,1785878144870000000,1785878204883000000,2
workspaceModel.moduleManagerBridge.newModule.ms,1785878144870000000,1785878204883000000,26
jps.facet.change.listener.init.bridge.ms,1785878144870000000,1785878204883000000,0
workspaceModel.mutableEntityStorage.entities.by.source.ms,1785878144870000000,1785878204883000000,1
workspaceModel.moduleManagerBridge.build.module.graph.ms,1785878144870000000,1785878204883000000,2
jps.global.get.libraries.ms,1785878144870000000,1785878204883000000,0
workspaceModel.mutableEntityStorage.to.snapshot.ms,1785878144870000000,1785878204883000000,2
jps.module.dependency.index.workspace.model.listener.on.changed.ms,1785878144870000000,1785878204883000000,0
workspaceModel.mutableEntityStorage.add.entity.ms,1785878144870000000,1785878204883000000,13
workspaceModel.moduleBridge.update.option.ms,1785878144870000000,1785878204883000000,0
workspaceModel.mutableEntityStorage.hasReferrers.ms,1785878144870000000,1785878204883000000,0
jps.project.serializers.load.ms,1785878144870000000,1785878204883000000,4
workspaceModel.load.cache.from.file.ms,1785878144870000000,1785878204883000000,69
workspaceModel.mutableEntityStorage.changeLog.addReplaceEventForRemovedChild.ms,1785878144870000000,1785878204883000000,0
workspaceModel.mutableEntityStorage.modify.entity.ms,1785878144870000000,1785878204883000000,12
jps.library.entities.serializer.load.entities.ms,1785878144870000000,1785878204883000000,0
workspaceModel.moduleBridge.before.changed.ms,1785878144870000000,1785878204883000000,0
workspaceModel.mutableEntityStorage.mutable.ext.mapping.ms,1785878144870000000,1785878204883000000,1
jps.global.handle.changed.events.ms,1785878144870000000,1785878204883000000,0
jps.modifiable.module.model.bridge.new.module.ms,1785878144870000000,1785878204883000000,9
workspaceModel.mutableEntityStorage.collect.changes.ms,1785878144870000000,1785878204883000000,1
workspaceModel.mutableEntityStorage.instances.count,1785878144870000000,1785878204883000000,79
workspaceModel.load.cache.metadata.from.file.ms,1785878144870000000,1785878204883000000,7
jps.module.iml.entities.serializer.save.entities.ms,1785878144870000000,1785878204883000000,13
jps.global.get.library.ms,1785878144870000000,1785878204883000000,0
workspaceModel.mutableEntityStorage.mutable.vfurl.index.ms,1785878144870000000,1785878204883000000,0
workspaceModel.mutableEntityStorage.replace.by.source.ms,1785878144870000000,1785878204883000000,5
jps.facet.change.listener.before.change.events.ms,1785878144870000000,1785878204883000000,0
jps.app.storage.content.reader.load.component.ms,1785878144870000000,1785878204883000000,0
JVM.threadCount,1785878144870000000,1785878204883000000,158
JVM.totalTimeToSafepointsMs,1785878144870000000,1785878204883000000,19
JVM.newThreadsCount,1785878144870000000,1785878204883000000,189
MEM.ramBytes,1785878144870000000,1785878204883000000,3523137536
JVM.GC.collections,1785878144870000000,1785878204883000000,90
JVM.maxHeapBytes,1785878144870000000,1785878204883000000,2147483648
JVM.committedHeapBytes,1785878144870000000,1785878204883000000,883949568
MEM.ramPlusSwapMinusFileMappingsBytes,1785878144870000000,1785878204883000000,2573791232
MEM.ramMinusFileMappingsBytes,1785878144870000000,1785878204883000000,2573791232
OS.loadAverage,1785878144870000000,1785878204883000000,3.11181640625
JVM.totalSafepointCount,1785878144870000000,1785878204883000000,168
JVM.totalDirectByteBuffersBytes,1785878144870000000,1785878204883000000,629329921
JVM.totalTimeAtSafepointsMs,1785878144870000000,1785878204883000000,347
JVM.totalCpuTimeMs,1785878144870000000,1785878204883000000,100660
JVM.GC.collectionTimesMs,1785878144870000000,1785878204883000000,338
JVM.usedHeapBytes,1785878144870000000,1785878204883000000,796435056
JVM.totalBytesAllocated,1785878144870000000,1785878204883000000,10232806728
JVM.usedNativeBytes,1785878144870000000,1785878204883000000,551084528
JVM.maxThreadCount,1785878144870000000,1785878204883000000,159
MEM.fileMappingsRamBytes,1785878144870000000,1785878204883000000,946483200
VFS.cache.directoriesCreated,1785878144870000000,1785878204883000000,2851
VFS.contentStorage.recordsReadDecompressed,1785878144870000000,1785878204883000000,6
VFS.cache.segments,1785878144870000000,1785878204883000000,94
VFS.folderCaseSensitivityReads,1785878144870000000,1785878204883000000,83
VFS.contentStorage.recordsStoredCompressed,1785878144870000000,1785878204883000000,7
VFS.fileChildByName,1785878144870000000,1785878204883000000,35704
VFS.ContentWriter.totalFlushes,1785878144870000000,1785878204883000000,0
VFS.contentStorage.recordsDecompressionTimeUs,1785878144870000000,1785878204883000000,9886
FileNameCache.totalMisses,1785878144870000000,1785878204883000000,25408
VFS.contentStorage.recordsStored,1785878144870000000,1785878204883000000,20
VFS.fileByIdCache.misses,1785878144870000000,1785878204883000000,326
FileNameCache.queries,1785878144870000000,1785878204883000000,2762240
VFS.cache.filesCreated,1785878144870000000,1785878204883000000,16954
VFS.ContentWriter.totalTimeSpentOnAsyncOperationsUs,1785878144870000000,1785878204883000000,11141
VFS.contentStorage.recordsDeduplicated,1785878144870000000,1785878204883000000,4
VFS.ContentWriter.totalTasksExecutedAsync,1785878144870000000,1785878204883000000,2
VFS.contentStorage.recordsStoredSize,1785878144870000000,1785878204883000000,254540
VFS.fileByIdCache.hits,1785878144870000000,1785878204883000000,4
VFS.ContentWriter.totalTimeSpentOnSyncOperationsUs,1785878144870000000,1785878204883000000,0
VFS.invertedFileNameIndex.requests,1785878144870000000,1785878204883000000,29
VFS.cache.segmentsCreated,1785878144870000000,1785878204883000000,97
VFS.ContentWriter.totalTasksExecutedSync,1785878144870000000,1785878204883000000,0
VFS.rootsCount,1785878144870000000,1785878204883000000,13.0
VFS.contentStorage.recordsReadSize,1785878144870000000,1785878204883000000,518733
VFS.contentStorage.recordsUncompressedSize,1785878144870000000,1785878204883000000,537960
VFS.contentStorage.recordsRead,1785878144870000000,1785878204883000000,30
Indexes.stubs.lookups,1785878144870000000,1785878204883000000,49
Indexes.allKeys.lookupDurationAvgMs,1785878144870000000,1785878204883000000,0.0
Indexing.writesQueuedMin,1785878144870000000,1785878204883000000,9223372036854775807
Indexing.writer_2.totalTimeSpentWritingMs,1785878144870000000,1785878204883000000,2699
Indexing.cache.totalCacheMisses,1785878144870000000,1785878204883000000,1156661
Indexes.allKeys.lookupDuration90PMs,1785878144870000000,1785878204883000000,0.0
Indexes.allKeys.lookups,1785878144870000000,1785878204883000000,3
Indexes.stubs.lookupDuration90PMs,1785878144870000000,1785878204883000000,0.0
Indexes.stubs.lookupDurationAvgMs,1785878144870000000,1785878204883000000,0.0
Indexes.entries.lookupDuration90PMs,1785878144870000000,1785878204883000000,0.0
Indexing.cache.totalCacheAccesses,1785878144870000000,1785878204883000000,3591597
Indexing.writesQueuedMax,1785878144870000000,1785878204883000000,0
Indexes.entries.lookups,1785878144870000000,1785878204883000000,18
Indexing.writer_3.totalTimeSpentWritingMs,1785878144870000000,1785878204883000000,2410
Indexing.writer_1.totalTimeSpentWritingMs,1785878144870000000,1785878204883000000,76
Indexes.entries.lookupDurationAvgMs,1785878144870000000,1785878204883000000,0.0
Indexes.stubs.lookupDurationMaxMs,1785878144870000000,1785878204883000000,0.0
Indexing.totalTimeIndexersSleptMs,1785878144870000000,1785878204883000000,7180
Indexes.allKeys.lookupDurationMaxMs,1785878144870000000,1785878204883000000,0.0
Indexing.cache.totalCacheEvicted,1785878144870000000,1785878204883000000,1156629
Indexing.writer_0.totalTimeSpentWritingMs,1785878144870000000,1785878204883000000,2737
Indexes.entries.lookupDurationMaxMs,1785878144870000000,1785878204883000000,0.0
compiler.ArtifactManagerBridge.getArtifacts.ms,1785878144870000000,1785878204883000000,0
compiler.ArtifactManagerBridge.getArtifactsByType.ms,1785878144870000000,1785878204883000000,1
compiler.ArtifactVirtualFileListener.propertyChanged.ms,1785878144870000000,1785878204883000000,0
compiler.ArtifactManagerBridge.initBridges.ms,1785878144870000000,1785878204883000000,0
compiler.ArtifactManagerBridge.dropMappings.ms,1785878144870000000,1785878204883000000,0
compiler.ArtifactVirtualFileListener.filePathChanged.ms,1785878144870000000,1785878204883000000,0
compiler.ArtifactManagerBridge.addArtifact.ms,1785878144870000000,1785878204883000000,0
compiler.ArtifactManagerBridge.commit.ms,1785878144870000000,1785878204883000000,0
compiler.ArtifactManagerBridge.findArtifact.ms,1785878144870000000,1785878204883000000,0
FilePageCache.WAL.entriesFlushedOnTruncate,1785878144870000000,1785878204883000000,2
FilePageCache.totalPageDisposalsUs,1785878144870000000,1785878204883000000,1590
FilePageCache.WAL.flushesForcedByOverflow,1785878144870000000,1785878204883000000,0
FilePageCache.WAL.bytesQueued,1785878144870000000,1785878204883000000,48125432
FilePageCache.WAL.bytesCopiedByApplyUnfinished,1785878144870000000,1785878204883000000,0
MappedFileStorage.totalPagesMapped,1785878144870000000,1785878204883000000,17
FilePageCache.uncachedFileAccess,1785878144870000000,1785878204883000000,3626
FilePageCache.WAL.entriesFlushedOnClose,1785878144870000000,1785878204883000000,0
FilePageCache.WAL.entriesFlushed,1785878144870000000,1785878204883000000,4282
MappedFileStorage.storages,1785878144870000000,1785878204883000000,17
FilePageCache.maxCacheSizeInBytes,1785878144870000000,1785878204883000000,629153792
FilePageCache.disposedBuffers,1785878144870000000,1785878204883000000,583
DirectByteBufferAllocator.hits,1785878144870000000,1785878204883000000,277
MappedFileStorage.totalTimeSpentOnMappingUs,1785878144870000000,1785878204883000000,7317
DirectByteBufferAllocator.disposed,1785878144870000000,1785878204883000000,305
DirectByteBufferAllocator.reclaimed,1785878144870000000,1785878204883000000,278
StorageLockContext.competingThreads.avg,1785878144870000000,1785878204883000000,0.0
FilePageCache.WAL.entriesFlushedOnForce,1785878144870000000,1785878204883000000,0
FilePageCache.capacityInBytes,1785878144870000000,1785878204883000000,629145600
FilePageCache.pageHits,1785878144870000000,1785878204883000000,88019
StreamlinedBlobStorage.recordsRelocated,1785878144870000000,1785878204883000000,0
DirectByteBufferAllocator.totalSizeOfBuffersAllocatedInBytes,1785878144870000000,1785878204883000000,629161984
StreamlinedBlobStorage.totalLiveRecordsPayloadBytes,1785878144870000000,1785878204883000000,754758
DirectByteBufferAllocator.misses,1785878144870000000,1785878204883000000,907
StorageLockContext.competingThreads.90P,1785878144870000000,1785878204883000000,0
FilePageCache.pageLoads,1785878144870000000,1785878204883000000,948
MappedFileStorage.totalBytesMapped,1785878144870000000,1785878204883000000,266600448
StreamlinedBlobStorage.totalLiveRecordsCapacityBytes,1785878144870000000,1785878204883000000,3265919
StreamlinedBlobStorage.recordsDeleted,1785878144870000000,1785878204883000000,4
StreamlinedBlobStorage.recordsAllocated,1785878144870000000,1785878204883000000,45714
FilePageCache.maxRegisteredFiles,1785878144870000000,1785878204883000000,1796
FilePageCache.totalBytesStored,1785878144870000000,1785878204883000000,37839336
FilePageCache.totalPageStoresUs,1785878144870000000,1785878204883000000,33178
FileChannelInterruptsRetryer.totalRetriedAttempts,1785878144870000000,1785878204883000000,0
FilePageCache.WAL.entriesFlushedOnRead,1785878144870000000,1785878204883000000,14
DirectByteBufferAllocator.totalSizeOfBuffersCachedInBytes,1785878144870000000,1785878204883000000,1048576
FilePageCache.pageLoadsAboveSizeThreshold,1785878144870000000,1785878204883000000,236
StorageLockContext.competingThreads.max,1785878144870000000,1785878204883000000,0
FilePageCache.totalPageLoadsUs,1785878144870000000,1785878204883000000,517297
FilePageCache.pageFastCacheHits,1785878144870000000,1785878204883000000,4086569
workspaceModel.workspaceFileIndexData.visitFileSets.ms,1785878204883000000,1785878210023000000,0
workspaceModel.cachedValueWithParameters.clear.count,1785878204883000000,1785878210023000000,0
workspaceModel.workspaceFileIndexData.markDirty.ms,1785878204883000000,1785878210023000000,0
workspaceModel.init.bridges.ms,1785878204883000000,1785878210023000000,0
workspaceModel.pre.handlers.ms,1785878204883000000,1785878210023000000,0
workspaceModel.workspaceFileIndexData.onEntitiesChanged.ms,1785878204883000000,1785878210023000000,0
workspaceModel.workspaceFileIndexData.instances.count,1785878204883000000,1785878210023000000,0
workspaceModel.loading.from.cache.ms,1785878204883000000,1785878210023000000,0
workspaceModel.updates.count,1785878204883000000,1785878210023000000,0
workspaceModel.cachedValue.calculated.count,1785878204883000000,1785878210023000000,1
workspaceModel.cachedValue.clear.count,1785878204883000000,1785878210023000000,0
workspaceModel.check.recursive.update.ms,1785878204883000000,1785878210023000000,0
workspaceModel.on.changed.ms,1785878204883000000,1785878210023000000,0
workspaceModel.non.incremental.contributors.total.update.time.ms,1785878204883000000,1785878210023000000,0
workspaceModel.non.incremental.contributors.exclude.roots.computation.time.ms,1785878204883000000,1785878210023000000,0
workspaceModel.workspaceFileIndexData.getFileInfo.ms,1785878204883000000,1785878210023000000,0
workspaceModel.collect.changes.ms,1785878204883000000,1785878210023000000,0
workspaceModel.cachedValueWithParameters.total.get.count,1785878204883000000,1785878210023000000,0
workspaceModel.workspaceFileIndexData.getPackageName.ms,1785878204883000000,1785878210023000000,0
workspaceModel.updates.precise.ms,1785878204883000000,1785878210023000000,0
workspaceModel.cachedValue.from.cache.count,1785878204883000000,1785878210023000000,3
workspaceModel.to.snapshot.ms,1785878204883000000,1785878210023000000,0
workspaceModel.loading.total.ms,1785878204883000000,1785878210023000000,0
workspaceModel.non.incremental.contributors.file.sets.computation.time.ms,1785878204883000000,1785878210023000000,0
workspaceModel.update.unloaded.entities.ms,1785878204883000000,1785878210023000000,0
workspaceModel.cachedValueWithParameters.calculated.count,1785878204883000000,1785878210023000000,0
workspaceModel.workspaceFileIndexContributor.registerFileSets.ms,1785878204883000000,1785878210023000000,0
workspaceModel.entityStorageSnapshotImpl.instances.count,1785878204883000000,1785878210023000000,0
workspaceModel.workspaceFileIndexData.updateDirtyEntities.ms,1785878204883000000,1785878210023000000,0
workspaceModel.workspaceFileIndexData.init.ms,1785878204883000000,1785878210023000000,0
workspaceModel.on.before.changed.ms,1785878204883000000,1785878210023000000,0
workspaceModel.cachedValue.total.get.count,1785878204883000000,1785878210023000000,4
workspaceModel.workspaceFileIndexData.getDirectoriesByPackageName.ms,1785878204883000000,1785878210023000000,0
workspaceModel.workspaceFileIndexData.processFileSets.ms,1785878204883000000,1785878210023000000,0
workspaceModel.replace.project.model.ms,1785878204883000000,1785878210023000000,0
workspaceModel.initializing.ms,1785878204883000000,1785878210023000000,0
workspaceModel.full.replace.project.model.ms,1785878204883000000,1785878210023000000,0
workspaceModel.cachedValueWithParameters.from.cache.count,1785878204883000000,1785878210023000000,0
workspaceModel.updates.ms,1785878204883000000,1785878210023000000,0
NonBlockingReadAction.finalizedExecutionTimeUs,1785878204883000000,1785878210023000000,2142
NonBlockingReadAction.failedExecutionsCount,1785878204883000000,1785878210023000000,0
NonBlockingReadAction.finalizedExecutionsCount,1785878204883000000,1785878210023000000,2
NonBlockingReadAction.failedExecutionTimeUs,1785878204883000000,1785878210023000000,0
AWTEventQueue.dispatchTimeTotalNS,1785878204883000000,1785878210023000000,100491888
writeAction.wait.ms,1785878204883000000,1785878210023000000,1
LowMemory.gcLoad,1785878204883000000,1785878210023000000,0.0
writeAction.median.wait.ms,1785878204883000000,1785878210023000000,0
writeAction.max.wait.ms,1785878204883000000,1785878210023000000,27
LowMemory.gcOverloaded,1785878204883000000,1785878210023000000,0
writeAction.count,1785878204883000000,1785878210023000000,2
cacheStateStorage.get.duration,1785878204883000000,1785878210023000000,0
cacheStateStorage.get.counter,1785878204883000000,1785878210023000000,0
cacheStateStorage.set.counter,1785878204883000000,1785878210023000000,14
cacheStateStorage.set.duration,1785878204883000000,1785878210023000000,1
jps.apply.loaded.storage.ms,1785878204883000000,1785878210023000000,0
workspaceModel.moduleBridge.facet.initialization.ms,1785878204883000000,1785878210023000000,0
workspaceModel.global.updates.count,1785878204883000000,1785878210023000000,0
workspaceModel.moduleManagerBridge.get.modules.ms,1785878204883000000,1785878210023000000,0
workspaceModel.mutableEntityStorage.remove.entity.ms,1785878204883000000,1785878210023000000,0
jps.modifiable.module.model.bridge.renaming.ms,1785878204883000000,1785878210023000000,0
jps.load.initial.state.ms,1785878204883000000,1785878210023000000,0
jps.app.storage.content.writer.save.component.ms,1785878204883000000,1785878210023000000,1
workspaceModel.delayed.project.synchronizer.sync.ms,1785878204883000000,1785878210023000000,0
jps.artifact.entities.serializer.save.entities.ms,1785878204883000000,1785878210023000000,0
workspaceModel.sync.entities.ms,1785878204883000000,1785878210023000000,0
jps.module.iml.entities.serializer.load.entities.ms,1785878204883000000,1785878210023000000,0
workspaceModel.moduleManagerBridge.new.nonPersistent.module.ms,1785878204883000000,1785878210023000000,0
jps.reload.project.entities.ms,1785878204883000000,1785878210023000000,0
workspaceModel.do.save.caches.ms,1785878204883000000,1785878210023000000,0
workspaceModel.mutableEntityStorage.resolve.ms,1785878204883000000,1785878210023000000,0
workspaceModel.mutableEntityStorage.apply.changes.from.ms,1785878204883000000,1785878210023000000,0
workspaceModel.moduleBridgeLoader.loading.modules.ms,1785878204883000000,1785878210023000000,0
jps.facet.change.listener.process.change.events.ms,1785878204883000000,1785878210023000000,0
jps.load.project.to.empty.storage.ms,1785878204883000000,1785878210023000000,0
workspaceModel.save.cache.to.file.ms,1785878204883000000,1785878210023000000,0
workspaceModel.mutableEntityStorage.put.entity.ms,1785878204883000000,1785878210023000000,0
jps.library.entities.serializer.save.entities.ms,1785878204883000000,1785878210023000000,0
workspaceModel.global.apply.state.to.project.ms,1785878204883000000,1785878210023000000,0
jps.save.global.entities.ms,1785878204883000000,1785878210023000000,12
jps.artifact.entities.serializer.load.entities.ms,1785878204883000000,1785878210023000000,0
jps.global.handle.before.change.events.ms,1785878204883000000,1785878210023000000,0
workspaceModel.mutableEntityStorage.changeLog.addReplaceEventForRemovedParent.ms,1785878204883000000,1785878210023000000,0
jps.storage.jps.conf.reader.load.component.ms,1785878204883000000,1785878210023000000,0
workspaceModel.moduleManagerBridge.set.unloadedModules.ms,1785878204883000000,1785878210023000000,0
workspaceModel.global.apply.state.to.project.builder.ms,1785878204883000000,1785878210023000000,0
jps.modifiable.module.model.bridge.load.module.ms,1785878204883000000,1785878210023000000,0
workspaceModel.mutableEntityStorage.entities.ms,1785878204883000000,1785878210023000000,0
workspaceModel.mutableEntityStorage.referrers.ms,1785878204883000000,1785878210023000000,0
workspaceModel.orphan.listener.update.ms,1785878204883000000,1785878210023000000,0
workspaceModel.global.updates.ms,1785878204883000000,1785878210023000000,0
jps.modifiable.module.model.bridge.disposing.ms,1785878204883000000,1785878210023000000,0
workspaceModel.moduleManagerBridge.load.all.modules.ms,1785878204883000000,1785878210023000000,0
workspaceModel.mutableEntityStorage.changeLog.addReplaceEventForNewChild.ms,1785878204883000000,1785878210023000000,0
jps.global.initialize.library.bridges.ms,1785878204883000000,1785878210023000000,0
workspaceModel.mutableEntityStorage.has.same.entities.ms,1785878204883000000,1785878210023000000,0
workspaceModel.moduleManagerBridge.load.module.ms,1785878204883000000,1785878210023000000,0
jps.save.changed.project.entities.ms,1785878204883000000,1785878210023000000,1
jps.global.get.library.by.name.ms,1785878204883000000,1785878210023000000,0
jps.project.serializers.save.ms,1785878204883000000,1785878210023000000,1
workspaceModel.mutableEntityStorage.changeLog.addReplaceEventForNewParent.ms,1785878204883000000,1785878210023000000,0
jps.global.initialize.library.bridges.after.loading.ms,1785878204883000000,1785878210023000000,0
workspaceModel.moduleManagerBridge.create.module.instance.ms,1785878204883000000,1785878210023000000,0
workspaceModel.moduleManagerBridge.newModule.ms,1785878204883000000,1785878210023000000,0
jps.facet.change.listener.init.bridge.ms,1785878204883000000,1785878210023000000,0
workspaceModel.mutableEntityStorage.entities.by.source.ms,1785878204883000000,1785878210023000000,0
workspaceModel.moduleManagerBridge.build.module.graph.ms,1785878204883000000,1785878210023000000,0
jps.global.get.libraries.ms,1785878204883000000,1785878210023000000,0
workspaceModel.mutableEntityStorage.to.snapshot.ms,1785878204883000000,1785878210023000000,0
jps.module.dependency.index.workspace.model.listener.on.changed.ms,1785878204883000000,1785878210023000000,0
workspaceModel.mutableEntityStorage.add.entity.ms,1785878204883000000,1785878210023000000,0
workspaceModel.moduleBridge.update.option.ms,1785878204883000000,1785878210023000000,0
workspaceModel.mutableEntityStorage.hasReferrers.ms,1785878204883000000,1785878210023000000,0
jps.project.serializers.load.ms,1785878204883000000,1785878210023000000,0
workspaceModel.load.cache.from.file.ms,1785878204883000000,1785878210023000000,0
workspaceModel.mutableEntityStorage.changeLog.addReplaceEventForRemovedChild.ms,1785878204883000000,1785878210023000000,0
workspaceModel.mutableEntityStorage.modify.entity.ms,1785878204883000000,1785878210023000000,0
jps.library.entities.serializer.load.entities.ms,1785878204883000000,1785878210023000000,0
workspaceModel.moduleBridge.before.changed.ms,1785878204883000000,1785878210023000000,0
workspaceModel.mutableEntityStorage.mutable.ext.mapping.ms,1785878204883000000,1785878210023000000,0
jps.global.handle.changed.events.ms,1785878204883000000,1785878210023000000,0
jps.modifiable.module.model.bridge.new.module.ms,1785878204883000000,1785878210023000000,0
workspaceModel.mutableEntityStorage.collect.changes.ms,1785878204883000000,1785878210023000000,0
workspaceModel.mutableEntityStorage.instances.count,1785878204883000000,1785878210023000000,0
workspaceModel.load.cache.metadata.from.file.ms,1785878204883000000,1785878210023000000,0
jps.module.iml.entities.serializer.save.entities.ms,1785878204883000000,1785878210023000000,0
jps.global.get.library.ms,1785878204883000000,1785878210023000000,0
workspaceModel.mutableEntityStorage.mutable.vfurl.index.ms,1785878204883000000,1785878210023000000,0
workspaceModel.mutableEntityStorage.replace.by.source.ms,1785878204883000000,1785878210023000000,0
jps.facet.change.listener.before.change.events.ms,1785878204883000000,1785878210023000000,0
jps.app.storage.content.reader.load.component.ms,1785878204883000000,1785878210023000000,0
JVM.threadCount,1785878204883000000,1785878210023000000,142
JVM.totalTimeToSafepointsMs,1785878204883000000,1785878210023000000,0
JVM.newThreadsCount,1785878204883000000,1785878210023000000,11
MEM.ramBytes,1785878204883000000,1785878210023000000,3549392896
JVM.GC.collections,1785878204883000000,1785878210023000000,4
JVM.maxHeapBytes,1785878204883000000,1785878210023000000,2147483648
JVM.committedHeapBytes,1785878204883000000,1785878210023000000,883949568
MEM.ramPlusSwapMinusFileMappingsBytes,1785878204883000000,1785878210023000000,2588073984
MEM.ramMinusFileMappingsBytes,1785878204883000000,1785878210023000000,2588073984
OS.loadAverage,1785878204883000000,1785878210023000000,2.9423828125
JVM.totalSafepointCount,1785878204883000000,1785878210023000000,5
JVM.totalDirectByteBuffersBytes,1785878204883000000,1785878210023000000,42127361
JVM.totalTimeAtSafepointsMs,1785878204883000000,1785878210023000000,17
JVM.totalCpuTimeMs,1785878204883000000,1785878210023000000,2040
JVM.GC.collectionTimesMs,1785878204883000000,1785878210023000000,18
JVM.usedHeapBytes,1785878204883000000,1785878210023000000,499726272
JVM.totalBytesAllocated,1785878204883000000,1785878210023000000,56413992
JVM.usedNativeBytes,1785878204883000000,1785878210023000000,562810376
JVM.maxThreadCount,1785878204883000000,1785878210023000000,160
MEM.fileMappingsRamBytes,1785878204883000000,1785878210023000000,959340544
VFS.ContentWriter.totalFlushes,1785878204883000000,1785878210023000000,0
VFS.ContentWriter.totalTimeSpentOnAsyncOperationsUs,1785878204883000000,1785878210023000000,0
VFS.ContentWriter.totalTasksExecutedAsync,1785878204883000000,1785878210023000000,0
VFS.ContentWriter.totalTimeSpentOnSyncOperationsUs,1785878204883000000,1785878210023000000,0
VFS.ContentWriter.totalTasksExecutedSync,1785878204883000000,1785878210023000000,0
Indexes.stubs.lookups,1785878204883000000,1785878210023000000,0
Indexes.allKeys.lookupDurationAvgMs,1785878204883000000,1785878210023000000,0.0
Indexing.writesQueuedMin,1785878204883000000,1785878210023000000,9223372036854775807
Indexing.writer_2.totalTimeSpentWritingMs,1785878204883000000,1785878210023000000,0
Indexing.cache.totalCacheMisses,1785878204883000000,1785878210023000000,0
Indexes.allKeys.lookupDuration90PMs,1785878204883000000,1785878210023000000,0.0
Indexes.allKeys.lookups,1785878204883000000,1785878210023000000,0
Indexes.stubs.lookupDuration90PMs,1785878204883000000,1785878210023000000,0.0
Indexes.stubs.lookupDurationAvgMs,1785878204883000000,1785878210023000000,0.0
Indexes.entries.lookupDuration90PMs,1785878204883000000,1785878210023000000,0.0
Indexing.cache.totalCacheAccesses,1785878204883000000,1785878210023000000,0
Indexing.writesQueuedMax,1785878204883000000,1785878210023000000,0
Indexes.entries.lookups,1785878204883000000,1785878210023000000,0
Indexing.writer_3.totalTimeSpentWritingMs,1785878204883000000,1785878210023000000,0
Indexing.writer_1.totalTimeSpentWritingMs,1785878204883000000,1785878210023000000,0
Indexes.entries.lookupDurationAvgMs,1785878204883000000,1785878210023000000,0.0
Indexes.stubs.lookupDurationMaxMs,1785878204883000000,1785878210023000000,0.0
Indexing.totalTimeIndexersSleptMs,1785878204883000000,1785878210023000000,0
Indexes.allKeys.lookupDurationMaxMs,1785878204883000000,1785878210023000000,0.0
Indexing.cache.totalCacheEvicted,1785878204883000000,1785878210023000000,32
Indexing.writer_0.totalTimeSpentWritingMs,1785878204883000000,1785878210023000000,0
Indexes.entries.lookupDurationMaxMs,1785878204883000000,1785878210023000000,0.0
compiler.ArtifactManagerBridge.getArtifacts.ms,1785878204883000000,1785878210023000000,0
compiler.ArtifactManagerBridge.getArtifactsByType.ms,1785878204883000000,1785878210023000000,0
compiler.ArtifactVirtualFileListener.propertyChanged.ms,1785878204883000000,1785878210023000000,0
compiler.ArtifactManagerBridge.initBridges.ms,1785878204883000000,1785878210023000000,0
compiler.ArtifactManagerBridge.dropMappings.ms,1785878204883000000,1785878210023000000,0
compiler.ArtifactVirtualFileListener.filePathChanged.ms,1785878204883000000,1785878210023000000,0
compiler.ArtifactManagerBridge.addArtifact.ms,1785878204883000000,1785878210023000000,0
compiler.ArtifactManagerBridge.commit.ms,1785878204883000000,1785878210023000000,0
compiler.ArtifactManagerBridge.findArtifact.ms,1785878204883000000,1785878210023000000,0
FilePageCache.WAL.entriesFlushedOnTruncate,1785878204883000000,1785878210023000000,0
FilePageCache.totalPageDisposalsUs,1785878204883000000,1785878210023000000,1
FilePageCache.WAL.flushesForcedByOverflow,1785878204883000000,1785878210023000000,0
FilePageCache.WAL.bytesQueued,1785878204883000000,1785878210023000000,0
FilePageCache.WAL.bytesCopiedByApplyUnfinished,1785878204883000000,1785878210023000000,0
FilePageCache.uncachedFileAccess,1785878204883000000,1785878210023000000,21
FilePageCache.WAL.entriesFlushedOnClose,1785878204883000000,1785878210023000000,0
FilePageCache.WAL.entriesFlushed,1785878204883000000,1785878210023000000,0
FilePageCache.maxCacheSizeInBytes,1785878204883000000,1785878210023000000,629153792
FilePageCache.disposedBuffers,1785878204883000000,1785878210023000000,602
DirectByteBufferAllocator.hits,1785878204883000000,1785878210023000000,1
DirectByteBufferAllocator.disposed,1785878204883000000,1785878210023000000,560
DirectByteBufferAllocator.reclaimed,1785878204883000000,1785878210023000000,42
StorageLockContext.competingThreads.avg,1785878204883000000,1785878210023000000,0.0
FilePageCache.WAL.entriesFlushedOnForce,1785878204883000000,1785878210023000000,0
FilePageCache.capacityInBytes,1785878204883000000,1785878210023000000,629145600
FilePageCache.pageHits,1785878204883000000,1785878210023000000,0
DirectByteBufferAllocator.totalSizeOfBuffersAllocatedInBytes,1785878204883000000,1785878210023000000,41959424
DirectByteBufferAllocator.misses,1785878204883000000,1785878210023000000,0
StorageLockContext.competingThreads.90P,1785878204883000000,1785878210023000000,0
FilePageCache.pageLoads,1785878204883000000,1785878210023000000,1
FilePageCache.maxRegisteredFiles,1785878204883000000,1785878210023000000,1796
FilePageCache.totalBytesStored,1785878204883000000,1785878210023000000,79124
FilePageCache.totalPageStoresUs,1785878204883000000,1785878210023000000,446
FileChannelInterruptsRetryer.totalRetriedAttempts,1785878204883000000,1785878210023000000,0
FilePageCache.WAL.entriesFlushedOnRead,1785878204883000000,1785878210023000000,0
DirectByteBufferAllocator.totalSizeOfBuffersCachedInBytes,1785878204883000000,1785878210023000000,41959424
FilePageCache.pageLoadsAboveSizeThreshold,1785878204883000000,1785878210023000000,0
StorageLockContext.competingThreads.max,1785878204883000000,1785878210023000000,0
FilePageCache.totalPageLoadsUs,1785878204883000000,1785878210023000000,73
FilePageCache.pageFastCacheHits,1785878204883000000,1785878210023000000,129
